pdf_page	image_number	type	filename
1	0	image	image-000.png
1	1	smask	image-001.png
1	2	image	image-002.png
5	3	image	image-003.png
5	4	image	image-004.png
5	5	image	image-005.png
5	6	image	image-006.png
5	7	image	image-007.png
5	8	image	image-008.png
5	9	image	image-009.png
6	10	image	image-010.png
6	11	image	image-011.png
6	12	image	image-012.png
6	13	image	image-013.png
6	14	image	image-014.png
6	15	image	image-015.png
6	16	image	image-016.png
6	17	image	image-017.png
6	18	image	image-018.png
7	19	image	image-019.png
7	20	image	image-020.png
7	21	image	image-021.png
7	22	image	image-022.png
7	23	image	image-023.png
7	24	image	image-024.png
7	25	image	image-025.png
7	26	image	image-026.png
7	27	image	image-027.png
7	28	image	image-028.png
8	29	image	image-029.png
8	30	image	image-030.png
8	31	image	image-031.png
8	32	image	image-032.png
8	33	image	image-033.png
8	34	image	image-034.png
8	35	image	image-035.png
9	36	image	image-036.png
9	37	image	image-037.png
9	38	image	image-038.png
9	39	image	image-039.png
9	40	image	image-040.png
9	41	image	image-041.png
9	42	image	image-042.png
10	43	image	image-043.png
10	44	image	image-044.png
10	45	image	image-045.png
10	46	image	image-046.png
10	47	image	image-047.png
10	48	image	image-048.png
11	49	image	image-049.png
11	50	image	image-050.png
11	51	image	image-051.png
11	52	image	image-052.png
11	53	image	image-053.png
12	54	image	image-054.png
13	55	image	image-055.png
13	56	image	image-056.png
13	57	image	image-057.png
13	58	image	image-058.png
13	59	image	image-059.png
13	60	image	image-060.png
13	61	image	image-061.png
13	62	image	image-062.png
13	63	image	image-063.png
13	64	image	image-064.png
13	65	image	image-065.png
13	66	image	image-066.png
13	67	image	image-067.png
13	68	image	image-068.png
14	69	image	image-069.png
14	70	image	image-070.png
15	71	image	image-071.png
15	72	image	image-072.png
16	73	image	image-073.png
16	74	image	image-074.png
16	75	image	image-075.png
16	76	image	image-076.png
16	77	image	image-077.png
16	78	image	image-078.png
16	79	image	image-079.png
16	80	image	image-080.png
16	81	image	image-081.png
16	82	image	image-082.png
16	83	image	image-083.png
16	84	image	image-084.png
17	85	image	image-085.png
17	86	image	image-086.png
17	87	image	image-087.png
18	88	image	image-088.png
18	89	image	image-089.png
18	90	image	image-090.png
19	91	image	image-091.png
19	92	image	image-092.png
19	93	image	image-093.png
20	94	image	image-094.png
20	95	image	image-095.png
20	96	image	image-096.png
20	97	image	image-097.png
20	98	image	image-098.png
20	99	image	image-099.png
20	100	image	image-100.png
20	101	image	image-101.png
20	102	image	image-102.png
20	103	image	image-103.png
20	104	image	image-104.png
21	105	image	image-105.png
21	106	image	image-106.png
22	107	image	image-107.png
22	108	image	image-108.png
23	109	image	image-109.png
23	110	image	image-110.png
23	111	image	image-111.png
23	112	image	image-112.png
23	113	image	image-113.png
23	114	image	image-114.png
23	115	image	image-115.png
23	116	image	image-116.png
24	117	image	image-117.png
24	118	image	image-118.png
24	119	image	image-119.png
24	120	image	image-120.png
24	121	image	image-121.png
24	122	image	image-122.png
24	123	image	image-123.png
25	124	image	image-124.png
26	125	image	image-125.png
27	126	image	image-126.png
27	127	image	image-127.png
27	128	image	image-128.png
27	129	image	image-129.png
27	130	image	image-130.png
27	131	image	image-131.png
27	132	image	image-132.png
27	133	image	image-133.png
27	134	image	image-134.png
27	135	image	image-135.png
27	136	image	image-136.png
28	137	image	image-137.png
28	138	image	image-138.png
29	139	image	image-139.png
29	140	image	image-140.png
30	141	image	image-141.png
30	142	image	image-142.png
30	143	image	image-143.png
30	144	image	image-144.png
30	145	image	image-145.png
30	146	image	image-146.png
30	147	image	image-147.png
30	148	image	image-148.png
30	149	image	image-149.png
30	150	image	image-150.png
30	151	image	image-151.png
30	152	image	image-152.png
30	153	image	image-153.png
30	154	image	image-154.png
30	155	image	image-155.png
30	156	image	image-156.png
31	157	image	image-157.png
31	158	image	image-158.png
32	159	image	image-159.png
32	160	image	image-160.png
33	161	image	image-161.png
33	162	image	image-162.png
33	163	image	image-163.png
34	164	image	image-164.png
34	165	image	image-165.png
35	166	image	image-166.png
35	167	image	image-167.png
35	168	image	image-168.png
35	169	image	image-169.png
35	170	image	image-170.png
35	171	image	image-171.png
35	172	image	image-172.png
35	173	image	image-173.png
35	174	image	image-174.png
35	175	image	image-175.png
35	176	image	image-176.png
35	177	image	image-177.png
35	178	image	image-178.png
35	179	image	image-179.png
35	180	image	image-180.png
36	181	image	image-181.png
36	182	image	image-182.png
36	183	image	image-183.png
37	184	image	image-184.png
37	185	image	image-185.png
37	186	image	image-186.png
38	187	image	image-187.png
38	188	image	image-188.png
38	189	image	image-189.png
38	190	image	image-190.png
38	191	image	image-191.png
38	192	image	image-192.png
38	193	image	image-193.png
38	194	image	image-194.png
39	195	image	image-195.png
39	196	image	image-196.png
39	197	image	image-197.png
40	198	image	image-198.png
40	199	image	image-199.png
40	200	image	image-200.png
40	201	image	image-201.png
40	202	image	image-202.png
40	203	image	image-203.png
40	204	image	image-204.png
40	205	image	image-205.png
40	206	image	image-206.png
40	207	image	image-207.png
40	208	image	image-208.png
40	209	image	image-209.png
40	210	image	image-210.png
40	211	image	image-211.png
40	212	image	image-212.png
40	213	image	image-213.png
40	214	image	image-214.png
40	215	image	image-215.png
40	216	image	image-216.png
40	217	image	image-217.png
41	218	image	image-218.png
41	219	image	image-219.png
42	220	image	image-220.png
42	221	image	image-221.png
43	222	image	image-222.png
43	223	image	image-223.png
43	224	image	image-224.png
44	225	image	image-225.png
44	226	image	image-226.png
45	227	image	image-227.png
45	228	image	image-228.png
45	229	image	image-229.png
46	230	image	image-230.png
46	231	image	image-231.png
47	232	image	image-232.png
48	233	image	image-233.png
48	234	image	image-234.png
49	235	image	image-235.png
49	236	image	image-236.png
50	237	image	image-237.png
50	238	image	image-238.png
51	239	image	image-239.png
51	240	image	image-240.png
52	241	image	image-241.png
52	242	image	image-242.png
53	243	image	image-243.png
53	244	image	image-244.png
53	245	image	image-245.png
54	246	image	image-246.png
54	247	image	image-247.png
54	248	image	image-248.png
54	249	image	image-249.png
55	250	image	image-250.png
55	251	image	image-251.png
55	252	image	image-252.png
56	253	image	image-253.png
56	254	image	image-254.png
56	255	image	image-255.png
57	256	image	image-256.png
57	257	image	image-257.png
57	258	image	image-258.png
58	259	image	image-259.png
58	260	image	image-260.png
59	261	image	image-261.png
59	262	image	image-262.png
60	263	image	image-263.png
60	264	image	image-264.png
61	265	image	image-265.png
61	266	image	image-266.png
62	267	image	image-267.png
62	268	image	image-268.png
63	269	image	image-269.png
63	270	image	image-270.png
64	271	image	image-271.png
64	272	image	image-272.png
65	273	image	image-273.png
65	274	image	image-274.png
66	275	image	image-275.png
67	276	image	image-276.png
68	277	image	image-277.png
68	278	image	image-278.png
68	279	image	image-279.png
69	280	image	image-280.png
69	281	image	image-281.png
69	282	image	image-282.png
70	283	image	image-283.jpg
70	284	image	image-284.jpg
71	285	image	image-285.png
71	286	image	image-286.png
71	287	image	image-287.png
72	288	image	image-288.png
72	289	image	image-289.png
73	290	image	image-290.png
73	291	image	image-291.png
74	292	image	image-292.png
74	293	image	image-293.png
75	294	image	image-294.png
75	295	image	image-295.png
76	296	image	image-296.png
76	297	image	image-297.png
76	298	image	image-298.png
77	299	image	image-299.png
78	300	image	image-300.png
79	301	image	image-301.png
79	302	smask	image-302.png
80	303	image	image-303.png
